listed Classes, 2022-58-06 02:58:51
added Student Maia to class J, 2022-58-06 02:58:59
listed Classes, 2022-59-06 02:59:03
Deleted Student Maia to class J, 2022-59-06 02:59:07
logged in, 2022-00-06 03:00:34
listed Classes, 2022-00-06 03:00:44
listed Classes, 2022-00-06 03:00:47
added Student Mirabela to class J, 2022-00-06 03:00:56
listed Classes, 2022-01-06 03:01:02
listed Students in Class J, 2022-01-06 03:01:03
logged out, 2022-01-06 03:01:08
logged in, 2022-04-26 01:04:31
logged out, 2022-04-26 01:04:34
logged in, 2022-05-26 01:05:29
logged out, 2022-06-26 01:06:37
logged in, 2022-07-26 01:07:12
logged out, 2022-07-26 01:07:20
logged in, 2022-12-26 01:12:11
logged in, 2022-14-26 01:14:44
logged out, 2022-14-26 01:14:48
logged in, 2022-01-26 08:01:36
logged out, 2022-01-26 08:01:39
logged in, 2022-03-26 08:03:58
logged out, 2022-04-26 08:04:06
logged in, 2022-04-26 08:04:15
logged out, 2022-04-26 08:04:17
logged in, 2022-20-26 02:20:32
logged in, 2022-36-26 02:36:11
listed Classes, 2022-36-26 02:36:14
logged out, 2022-36-26 02:36:24
logged in, 2022-36-26 02:36:41
logged in, 2022-36-26 02:36:56
listed Classes, 2022-36-26 02:36:59
logged in, 2022-38-26 02:38:40
logged out, 2022-39-26 02:39:16
logged in, 2022-40-26 02:40:00
logged out, 2022-41-26 02:41:03
logged in, 2022-42-26 02:42:58
listed Classes, 2022-43-26 02:43:03
logged out, 2022-43-26 02:43:35
logged in, 2022-07-26 03:07:45
listed Classes, 2022-07-26 03:07:47
added Student Gigel to class B, 2022-07-26 03:07:52
logged in, 2022-08-26 03:08:31
listed Classes, 2022-08-26 03:08:33
added Student Gigel to class L, 2022-08-26 03:08:37
listed Classes, 2022-08-26 03:08:41
listed Students in Class L, 2022-08-26 03:08:43
logged in, 2022-11-26 03:11:46
listed Classes, 2022-11-26 03:11:48
added Student Gigel to class L, 2022-11-26 03:11:53
listed Classes, 2022-11-26 03:11:55
logged out, 2022-12-26 03:12:55
logged in, 2022-13-26 03:13:03
listed Classes, 2022-13-26 03:13:04
added Student Maria to class B, 2022-13-26 03:13:07
logged in, 2022-13-26 03:13:44
listed Classes, 2022-13-26 03:13:46
added Student Mario to class L, 2022-13-26 03:13:49
logged out, 2022-13-26 03:13:53
logged in, 2022-15-26 03:15:09
listed Classes, 2022-15-26 03:15:11
added Student Alexandru to class A, 2022-15-26 03:15:15
logged out, 2022-16-26 03:16:09
logged in, 2022-16-26 03:16:15
listed Classes, 2022-16-26 03:16:21
added Student Alexandru to class A, 2022-16-26 03:16:26
logged in, 2022-18-26 03:18:24
listed Classes, 2022-18-26 03:18:27
logged in, 2022-25-26 03:25:10
listed Classes, 2022-25-26 03:25:12
added Student Aladin to class A, 2022-25-26 03:25:16
listed Classes, 2022-25-26 03:25:33
listed Classes, 2022-25-26 03:25:39
listed Students in Class A, 2022-25-26 03:25:39
logged out, 2022-26-26 03:26:49
logged in, 2022-26-26 03:26:55
logged out, 2022-26-26 03:26:57
logged in, 2022-27-26 03:27:41
listed Classes, 2022-27-26 03:27:43
added Student Aladin to class B, 2022-27-26 03:27:46
listed Classes, 2022-27-26 03:27:59
added Student Mia to class B, 2022-28-26 03:28:04
logged out, 2022-28-26 03:28:40
logged in, 2022-28-26 03:28:55
listed Classes, 2022-28-26 03:28:57
added Student Aladin to class A, 2022-29-26 03:29:00
logged out, 2022-30-26 03:30:02
logged in, 2022-30-26 03:30:09
listed Classes, 2022-30-26 03:30:12
added Student Aladin to class A, 2022-30-26 03:30:14
listed Classes, 2022-30-26 03:30:25
added Student Mia to class A, 2022-30-26 03:30:28
listed Classes, 2022-30-26 03:30:37
added Student Mircea to class B, 2022-30-26 03:30:40
listed Classes, 2022-30-26 03:30:45
added Student Cosmin to class B, 2022-30-26 03:30:53
logged out, 2022-31-26 03:31:02
logged in, 2022-31-26 03:31:06
listed Classes, 2022-31-26 03:31:09
listed Classes, 2022-31-26 03:31:16
listed Classes, 2022-31-26 03:31:20
listed Students in Class A, 2022-31-26 03:31:21
listed Classes, 2022-31-26 03:31:23
listed Students in Class B, 2022-31-26 03:31:24
logged out, 2022-34-26 03:34:58
logged in, 2022-35-26 03:35:10
listed Classes, 2022-35-26 03:35:15
listed Classes, 2022-35-26 03:35:16
listed Students in Class A, 2022-35-26 03:35:17
logged out, 2022-36-26 03:36:30
logged in, 2022-36-26 03:36:36
logged out, 2022-38-26 03:38:15
logged in, 2022-38-26 03:38:30
logged in, 2022-38-26 03:38:55
listed Classes, 2022-38-26 03:38:56
listed Students in Class A, 2022-38-26 03:38:58
logged in, 2022-39-26 03:39:35
logged in, 2022-40-26 03:40:40
listed Classes, 2022-40-26 03:40:46
listed Students in Class A, 2022-40-26 03:40:46
listed Classes, 2022-40-26 03:40:51
added Student Aaaaa to class A, 2022-40-26 03:40:55
logged in, 2022-43-26 03:43:35
listed Classes, 2022-43-26 03:43:46
Deleted Student Aaaaa from class A, 2022-43-26 03:43:55
listed Classes, 2022-44-26 03:44:09
added Student Hans to class A, 2022-44-26 03:44:16
listed Classes, 2022-44-26 03:44:19
Deleted Student Aladin from class A, 2022-44-26 03:44:23
